Mileage,Cylinder,Doors,Cruise,Sound,Leather,Buick,Cadillac,Chevy,Pontiac,Saab,Saturn,convertible,coupe,hatchback,sedan,wagon,Price
20105,6,4,1,0,0,1,0,0,0,0,0,0,0,0,1,0,22661.05
13457,6,2,1,1,0,0,0,1,0,0,0,0,1,0,0,0,21725.01
31655,4,2,1,1,1,0,0,0,0,1,0,1,0,0,0,0,29142.71
22479,4,2,1,0,0,0,0,0,0,1,0,1,0,0,0,0,30731.94
17590,4,2,1,1,1,0,0,0,0,1,0,1,0,0,0,0,33358.77
23635,4,2,1,0,0,0,0,0,0,1,0,1,0,0,0,0,30315.17
17381,4,2,1,1,1,0,0,0,0,1,0,1,0,0,0,0,33381.82
27558,4,2,1,0,1,0,0,0,0,1,0,1,0,0,0,0,30251.02
25049,4,2,1,0,0,0,0,0,0,1,0,1,0,0,0,0,30166.85
17319,4,4,1,0,1,0,0,0,0,1,0,0,0,0,1,0,27060.14
10003,4,4,1,1,0,0,0,0,0,1,0,0,0,0,1,0,26841.08
21160,4,4,1,1,1,0,0,0,0,1,0,0,0,0,1,0,25790.51
22272,4,4,1,1,1,0,0,0,0,1,0,0,0,0,1,0,25148.38
27015,4,4,1,0,0,0,0,0,0,1,0,0,0,0,1,0,24173.53
22814,4,4,1,1,1,0,0,0,0,1,0,0,0,0,1,0,24852.5
10014,4,4,1,0,1,0,0,0,0,1,0,0,0,0,1,0,27825.95
23055,4,4,1,1,1,0,0,0,0,1,0,0,0,0,1,0,26698.08
19854,4,4,1,1,1,0,0,0,0,1,0,0,0,0,1,0,28185.78
23204,4,4,1,1,1,0,0,0,0,1,0,0,0,0,1,0,27241.44
8017,4,4,1,0,1,0,0,0,0,1,0,0,0,0,1,0,30800.66
14613,4,4,1,0,1,0,0,0,0,1,0,0,0,0,1,0,28416.46
22590,4,4,1,1,1,0,0,0,0,1,0,0,0,0,1,0,26653.24
22881,4,4,1,1,1,0,0,0,0,1,0,0,0,0,1,0,27610.86
26786,4,4,1,0,1,0,0,0,0,1,0,0,0,0,0,1,27788.81
18464,4,4,1,0,1,0,0,0,0,1,0,0,0,0,0,1,29986.79
20907,4,4,1,0,1,0,0,0,0,1,0,0,0,0,0,1,29197.79
19830,4,4,1,1,1,0,0,0,0,1,0,0,0,0,0,1,29908.18
21822,4,4,1,1,1,0,0,0,0,1,0,0,0,0,0,1,29481.53
25357,4,4,1,0,1,0,0,0,0,1,0,0,0,0,0,1,26792.3
21545,4,4,1,0,1,0,0,0,0,1,0,0,0,0,0,1,29321.08
16088,4,2,1,0,1,0,0,0,0,1,0,1,0,0,0,0,37383.5
24031,4,2,1,0,1,0,0,0,0,1,0,1,0,0,0,0,34393
12090,4,2,1,1,1,0,0,0,0,1,0,1,0,0,0,0,38324.81
21293,4,2,1,0,1,0,0,0,0,1,0,1,0,0,0,0,35304.49
48991,4,2,1,1,1,0,0,0,0,1,0,1,0,0,0,0,28777.96
27051,4,2,1,0,1,0,0,0,0,1,0,1,0,0,0,0,33248.34
21167,4,2,1,1,0,0,0,0,0,1,0,1,0,0,0,0,35580.33
10800,4,4,1,1,0,0,0,0,0,1,0,0,0,0,1,0,30274.71
14568,4,4,1,1,1,0,0,0,0,1,0,0,0,0,1,0,30122.43
3867,4,4,1,1,0,0,0,0,0,1,0,0,0,0,1,0,32197.34
22598,4,4,1,0,1,0,0,0,0,1,0,0,0,0,1,0,27109.41
11273,4,4,1,1,0,0,0,0,0,1,0,0,0,0,1,0,30353.59
26400,4,4,1,1,0,0,0,0,0,1,0,0,0,0,1,0,27256.49
22328,4,4,1,1,0,0,0,0,0,1,0,0,0,0,1,0,28291.76
38717,4,4,1,0,1,0,0,0,0,1,0,0,0,0,1,0,24912.08
9795,4,4,1,1,1,0,0,0,0,1,0,0,0,0,1,0,33183.33
28598,4,4,1,1,1,0,0,0,0,1,0,0,0,0,1,0,28502.96
1676,4,4,1,1,1,0,0,0,0,1,0,0,0,0,1,0,35033.22
23143,4,4,1,1,1,0,0,0,0,1,0,0,0,0,1,0,29844.2
22052,4,4,1,1,1,0,0,0,0,1,0,0,0,0,1,0,30075.99
26276,4,4,1,1,1,0,0,0,0,1,0,0,0,0,1,0,28054.98
25247,4,4,1,1,1,0,0,0,0,1,0,0,0,0,1,0,28432.82
7924,4,4,1,0,1,0,0,0,0,1,0,0,0,0,1,0,32746.13
15087,4,4,1,1,1,0,0,0,0,1,0,0,0,0,1,0,31002.73
26503,4,4,1,0,1,0,0,0,0,1,0,0,0,0,0,1,28829.03
16956,4,4,1,0,1,0,0,0,0,1,0,0,0,0,0,1,31849.31
20103,4,4,1,1,1,0,0,0,0,1,0,0,0,0,0,1,31554.41
25380,4,4,1,0,1,0,0,0,0,1,0,0,0,0,0,1,28678.08
20015,4,4,1,1,1,0,0,0,0,1,0,0,0,0,0,1,29961.25
22298,4,4,1,1,1,0,0,0,0,1,0,0,0,0,0,1,30575.25
22105,4,4,1,0,1,0,0,0,0,1,0,0,0,0,0,1,29914.38
19894,4,4,1,0,0,0,0,0,1,0,0,0,0,0,0,1,17325.27
18096,4,4,1,1,0,0,0,0,1,0,0,0,0,0,0,1,16391.93
24239,4,4,1,0,0,0,0,0,1,0,0,0,0,0,0,1,15505.29
23062,4,4,0,0,0,0,0,0,1,0,0,0,0,0,0,1,15297.84
22779,4,4,0,0,1,0,0,0,1,0,0,0,0,0,0,1,16078.67
19531,4,4,1,1,1,0,0,0,1,0,0,0,0,0,0,1,16551.22
33374,4,4,0,1,1,0,0,0,1,0,0,0,0,0,0,1,14546.88
32039,8,2,1,1,1,0,0,1,0,0,0,1,0,0,0,0,37288.94
3625,8,2,1,1,1,0,0,1,0,0,0,1,0,0,0,0,46732.61
5239,8,2,1,1,1,0,0,1,0,0,0,1,0,0,0,0,47065.21
20000,8,2,1,0,1,0,0,1,0,0,0,1,0,0,0,0,41371.38
23826,8,2,1,1,1,0,0,1,0,0,0,1,0,0,0,0,39547.59
14546,8,2,1,1,1,0,0,1,0,0,0,1,0,0,0,0,42773.03
30502,8,2,1,1,1,0,0,1,0,0,0,1,0,0,0,0,36970.9
27364,4,2,1,1,1,0,0,1,0,0,0,0,1,0,0,0,11203.15
13607,4,2,0,1,1,0,0,1,0,0,0,0,1,0,0,0,13041.87
23512,4,2,1,1,1,0,0,1,0,0,0,0,1,0,0,0,12207.87
23103,4,2,0,1,1,0,0,1,0,0,0,0,1,0,0,0,11726
7372,4,2,1,1,1,0,0,1,0,0,0,0,1,0,0,0,13007.98
34447,4,2,1,1,1,0,0,1,0,0,0,0,1,0,0,0,11149.62
31436,4,2,1,1,1,0,0,1,0,0,0,0,1,0,0,0,10788.97
22479,4,2,0,1,1,0,0,1,0,0,0,0,1,0,0,0,12570.14
13776,4,2,0,1,1,0,0,1,0,0,0,0,1,0,0,0,14023.94
27521,4,2,1,1,1,0,0,1,0,0,0,0,1,0,0,0,12706.91
27394,4,2,1,1,1,0,0,1,0,0,0,0,1,0,0,0,11961.62
19461,4,2,1,1,1,0,0,1,0,0,0,0,1,0,0,0,12810.91
22382,4,2,1,1,1,0,0,1,0,0,0,0,1,0,0,0,12845.17
23200,4,2,1,1,1,0,0,1,0,0,0,0,1,0,0,0,12897.93
8967,8,2,1,1,1,0,0,1,0,0,0,0,1,0,0,0,39713.67
7054,8,2,1,0,1,0,0,1,0,0,0,0,1,0,0,0,39875.85
34191,8,2,1,0,1,0,0,1,0,0,0,0,1,0,0,0,31186.74
11619,8,2,1,1,1,0,0,1,0,0,0,0,1,0,0,0,39365.88
24259,8,2,1,0,1,0,0,1,0,0,0,0,1,0,0,0,34297.31
9410,8,2,1,1,1,0,0,1,0,0,0,0,1,0,0,0,38990.61
21350,8,2,1,1,1,0,0,1,0,0,0,0,1,0,0,0,35261.44
24960,8,2,1,1,1,0,0,0,1,0,0,0,1,0,0,0,27370.96
13678,8,2,1,1,1,0,0,0,1,0,0,0,1,0,0,0,31024.87
27199,8,2,1,1,1,0,0,0,1,0,0,0,1,0,0,0,28502.31
10915,8,2,1,1,1,0,0,0,1,0,0,0,1,0,0,0,32219.59
16193,8,2,1,0,1,0,0,0,1,0,0,0,1,0,0,0,29595.79
21418,8,2,1,0,1,0,0,0,1,0,0,0,1,0,0,0,29664.7
26126,8,2,1,1,1,0,0,0,1,0,0,0,1,0,0,0,27548.63
21891,4,2,1,1,1,0,0,0,1,0,0,0,1,0,0,0,12464.07
13145,4,2,0,1,1,0,0,0,1,0,0,0,1,0,0,0,13160.12
20618,4,2,1,1,1,0,0,0,1,0,0,0,1,0,0,0,12832.46
24318,4,2,1,1,1,0,0,0,1,0,0,0,1,0,0,0,12258.86
23931,4,2,0,1,1,0,0,0,1,0,0,0,1,0,0,0,12465.51
19081,4,2,1,1,1,0,0,0,1,0,0,0,1,0,0,0,12828.03
25285,4,2,0,1,1,0,0,0,1,0,0,0,1,0,0,0,11903.1
25040,6,4,1,1,0,1,0,0,0,0,0,0,0,0,1,0,17750.88
18339,6,4,1,1,0,1,0,0,0,0,0,0,0,0,1,0,18145.13
25052,6,4,1,1,0,1,0,0,0,0,0,0,0,0,1,0,17772.97
23852,6,4,1,1,0,1,0,0,0,0,0,0,0,0,1,0,18348.9
25464,6,4,1,1,0,1,0,0,0,0,0,0,0,0,1,0,17394.02
10036,6,4,1,1,1,1,0,0,0,0,0,0,0,0,1,0,20099.26
2992,6,4,1,0,1,1,0,0,0,0,0,0,0,0,1,0,20698.08
19800,6,4,1,1,1,1,0,0,0,0,0,0,0,0,1,0,19924.16
32896,6,4,1,1,0,1,0,0,0,0,0,0,0,0,1,0,17808.2
23359,6,4,1,1,1,1,0,0,0,0,0,0,0,0,1,0,19774.25
15066,6,4,1,1,0,1,0,0,0,0,0,0,0,0,1,0,20538.09
23765,6,4,1,1,0,1,0,0,0,0,0,0,0,0,1,0,19344.17
26034,6,4,1,1,1,1,0,0,0,0,0,0,0,0,1,0,18543.43
16633,6,4,1,1,0,1,0,0,0,0,0,0,0,0,1,0,20512.09
10577,6,4,1,1,1,1,0,0,0,0,0,0,0,0,1,0,23785.92
8970,6,4,1,1,0,1,0,0,0,0,0,0,0,0,1,0,22358.88
16508,6,4,1,0,1,1,0,0,0,0,0,0,0,0,1,0,21895.76
14363,6,4,1,1,1,1,0,0,0,0,0,0,0,0,1,0,22926.09
24469,6,4,1,1,1,1,0,0,0,0,0,0,0,0,1,0,21058.14
25245,6,4,1,0,0,1,0,0,0,0,0,0,0,0,1,0,19556.9
21394,6,4,1,0,0,1,0,0,0,0,0,0,0,0,1,0,21183.12
25212,6,4,1,1,1,1,0,0,0,0,0,0,0,0,1,0,21341.26
27096,6,4,1,0,0,1,0,0,0,0,0,0,0,0,1,0,20986.02
26779,6,4,1,1,0,1,0,0,0,0,0,0,0,0,1,0,21683.03
24439,6,4,1,0,0,1,0,0,0,0,0,0,0,0,1,0,21799.17
15755,6,4,1,1,0,1,0,0,0,0,0,0,0,0,1,0,23447.69
18147,6,4,1,1,1,1,0,0,0,0,0,0,0,0,1,0,23016.01
16235,6,4,1,1,0,1,0,0,0,0,0,0,0,0,1,0,23547.24
17138,8,4,1,0,1,0,1,0,0,0,0,0,0,0,1,0,38600.24
25339,8,4,1,1,1,0,1,0,0,0,0,0,0,0,1,0,36154.3
21966,8,4,1,0,1,0,1,0,0,0,0,0,0,0,1,0,36077.8
14743,8,4,1,0,1,0,1,0,0,0,0,0,0,0,1,0,40335.74
25163,8,4,1,0,1,0,1,0,0,0,0,0,0,0,1,0,35338.65
16041,8,4,1,0,1,0,1,0,0,0,0,0,0,0,1,0,39307.01
14095,8,4,1,0,1,0,1,0,0,0,0,0,0,0,1,0,39801.55
41829,8,4,1,1,1,0,1,0,0,0,0,0,0,0,1,0,32537.19
21593,8,4,1,0,1,0,1,0,0,0,0,0,0,0,1,0,37510.25
36074,8,4,1,0,1,0,1,0,0,0,0,0,0,0,1,0,32954.14
26250,8,4,1,1,1,0,1,0,0,0,0,0,0,0,1,0,36245.16
12791,8,4,1,1,1,0,1,0,0,0,0,0,0,0,1,0,40856.39
8125,8,4,1,0,1,0,1,0,0,0,0,0,0,0,1,0,41378.05
22211,8,4,1,0,1,0,1,0,0,0,0,0,0,0,1,0,37215.17
9380,6,2,0,1,1,0,0,0,1,0,0,0,1,0,0,0,17202.83
5131,6,2,0,1,1,0,0,0,1,0,0,0,1,0,0,0,17675.84
20917,6,2,1,1,1,0,0,0,1,0,0,0,1,0,0,0,15253.87
23335,6,2,0,1,1,0,0,0,1,0,0,0,1,0,0,0,14703.14
22641,6,2,1,1,1,0,0,0,1,0,0,0,1,0,0,0,15059.13
12071,6,2,1,1,1,0,0,0,1,0,0,0,1,0,0,0,16792.68
6761,6,2,1,1,1,0,0,0,1,0,0,0,1,0,0,0,17141.94
26477,6,4,1,0,1,0,0,0,1,0,0,0,0,0,1,0,19204.81
30063,6,4,1,0,1,0,0,0,1,0,0,0,0,0,1,0,18529.34
20770,6,4,1,1,1,0,0,0,1,0,0,0,0,0,1,0,20627.66
28354,6,4,1,0,0,0,0,0,1,0,0,0,0,0,1,0,18158.08
22628,6,4,1,1,0,0,0,0,1,0,0,0,0,0,1,0,19540.24
12313,6,4,1,0,1,0,0,0,1,0,0,0,0,0,1,0,21875.1
4537,6,4,1,1,0,0,0,0,1,0,0,0,0,0,1,0,21903.32
25295,6,4,1,1,0,0,0,0,1,0,0,0,0,0,1,0,15788.1
20829,6,4,1,0,0,0,0,0,1,0,0,0,0,0,1,0,17162.87
25777,6,4,1,0,0,0,0,0,1,0,0,0,0,0,1,0,16569.14
21304,6,4,1,1,0,0,0,0,1,0,0,0,0,0,1,0,16391.17
29925,6,4,1,1,0,0,0,0,1,0,0,0,0,0,1,0,15457.17
26511,6,4,1,0,1,0,0,0,1,0,0,0,0,0,1,0,16283.96
16554,6,4,1,1,1,0,0,0,1,0,0,0,0,0,1,0,18254.92
21461,4,4,0,0,0,0,0,0,1,0,0,0,0,0,0,1,15802.65
31424,4,4,0,0,0,0,0,0,1,0,0,0,0,0,0,1,14396.27
31791,4,4,1,1,1,0,0,0,1,0,0,0,0,0,0,1,14869.28
18206,4,4,0,0,0,0,0,0,1,0,0,0,0,0,0,1,15568.97
16078,4,4,0,1,0,0,0,0,1,0,0,0,0,0,0,1,16353.1
21391,4,4,0,1,1,0,0,0,1,0,0,0,0,0,0,1,15730.05
17053,4,4,0,0,1,0,0,0,1,0,0,0,0,0,0,1,15977.91
21132,6,4,1,1,1,0,0,0,1,0,0,0,0,0,1,0,19646.72
21211,6,4,1,0,1,0,0,0,1,0,0,0,0,0,1,0,20173.91
12314,6,4,1,1,0,0,0,0,1,0,0,0,0,0,1,0,22100.39
24992,6,4,1,0,0,0,0,0,1,0,0,0,0,0,1,0,18701.22
27721,6,4,1,0,1,0,0,0,1,0,0,0,0,0,1,0,19448.23
17417,6,4,1,1,1,0,0,0,1,0,0,0,0,0,1,0,21281.88
11229,6,4,1,1,0,0,0,0,1,0,0,0,0,0,1,0,21230.98
19148,8,4,1,0,1,0,0,0,1,0,0,0,0,0,1,0,23578.16
21929,8,4,1,1,1,0,0,0,1,0,0,0,0,0,1,0,22231.56
25651,8,4,1,0,1,0,0,0,1,0,0,0,0,0,1,0,22189.12
19521,8,4,1,1,1,0,0,0,1,0,0,0,0,0,1,0,22525.27
17273,8,4,1,0,1,0,0,0,1,0,0,0,0,0,1,0,23449.31
27168,8,4,1,0,1,0,0,0,1,0,0,0,0,0,1,0,21403.76
31197,8,4,1,1,1,0,0,0,1,0,0,0,0,0,1,0,21200.69
6420,8,2,1,1,1,0,1,0,0,0,0,1,0,0,0,0,68566.19
583,8,2,1,1,1,0,1,0,0,0,0,1,0,0,0,0,70755.47
42691,8,2,1,1,1,0,1,0,0,0,0,1,0,0,0,0,52001.99
23193,8,2,1,1,1,0,1,0,0,0,0,1,0,0,0,0,60567.55
18200,8,2,1,1,1,0,1,0,0,0,0,1,0,0,0,0,63913.12
7892,8,2,1,1,1,0,1,0,0,0,0,1,0,0,0,0,69133.73
12021,8,2,1,1,1,0,1,0,0,0,0,1,0,0,0,0,66374.31
10102,6,4,1,0,1,0,0,0,0,0,1,0,0,0,1,0,17322.08
16229,6,4,1,0,0,0,0,0,0,0,1,0,0,0,1,0,16507.07
14242,6,4,1,0,0,0,0,0,0,0,1,0,0,0,1,0,16425.17
25979,6,4,1,1,0,0,0,0,0,0,1,0,0,0,1,0,15118.89
10986,6,4,1,0,0,0,0,0,0,0,1,0,0,0,1,0,17978.36
35662,6,4,1,0,0,0,0,0,0,0,1,0,0,0,1,0,13585.64
20484,6,4,1,1,0,0,0,0,0,0,1,0,0,0,1,0,15731.13
17353,6,4,1,0,0,1,0,0,0,0,0,0,0,0,1,0,21908.37
20158,6,4,1,1,0,1,0,0,0,0,0,0,0,0,1,0,20952.22
27839,6,4,1,1,0,1,0,0,0,0,0,0,0,0,1,0,19425.85
29187,6,4,1,1,1,1,0,0,0,0,0,0,0,0,1,0,19191.99
17787,6,4,1,1,0,1,0,0,0,0,0,0,0,0,1,0,21956.34
24323,6,4,1,1,0,1,0,0,0,0,0,0,0,0,1,0,19981.13
19562,6,4,1,1,1,1,0,0,0,0,0,0,0,0,1,0,21646.12
23553,4,2,1,1,0,0,0,0,0,1,0,1,0,0,0,0,32075.98
35157,4,2,1,0,0,0,0,0,0,1,0,1,0,0,0,0,27666.23
12251,4,2,1,0,0,0,0,0,0,1,0,1,0,0,0,0,34819.3
20925,4,2,1,0,1,0,0,0,0,1,0,1,0,0,0,0,33540.54
24559,4,2,1,0,0,0,0,0,0,1,0,1,0,0,0,0,31969.07
10340,4,2,1,1,0,0,0,0,0,1,0,1,0,0,0,0,35622.14
19112,4,2,1,1,1,0,0,0,0,1,0,1,0,0,0,0,32737.08
27686,4,4,1,0,0,0,0,0,0,1,0,0,0,0,1,0,23249.84
3907,4,4,1,0,1,0,0,0,0,1,0,0,0,0,1,0,29246.24
26345,4,4,1,1,1,0,0,0,0,1,0,0,0,0,1,0,24801.62
50387,4,4,1,0,1,0,0,0,0,1,0,0,0,0,1,0,22244.88
16688,4,4,1,0,0,0,0,0,0,1,0,0,0,0,1,0,26775.03
21433,4,4,1,1,1,0,0,0,0,1,0,0,0,0,1,0,25996.81
19569,4,4,1,1,0,0,0,0,0,1,0,0,0,0,1,0,25299.97
18805,4,4,1,1,1,0,0,0,0,1,0,0,0,0,0,1,31156.6
21960,4,4,1,0,1,0,0,0,0,1,0,0,0,0,0,1,29114.54
15050,4,4,1,0,1,0,0,0,0,1,0,0,0,0,0,1,30443.88
40719,4,4,1,1,1,0,0,0,0,1,0,0,0,0,0,1,24903.48
18187,4,4,1,1,1,0,0,0,0,1,0,0,0,0,0,1,31084.94
6409,4,4,1,1,1,0,0,0,0,1,0,0,0,0,0,1,33005.78
17317,4,4,1,0,1,0,0,0,0,1,0,0,0,0,0,1,31153.01
25218,4,4,1,0,1,0,0,0,0,1,0,0,0,0,0,1,23329.21
21616,4,4,1,1,0,0,0,0,0,1,0,0,0,0,0,1,23274.48
4836,4,4,1,1,0,0,0,0,0,1,0,0,0,0,0,1,27280.98
17431,4,4,1,0,1,0,0,0,0,1,0,0,0,0,0,1,25959.12
22571,4,2,1,1,1,0,0,1,0,0,0,0,1,0,0,0,12630.78
22771,4,2,0,1,1,0,0,1,0,0,0,0,1,0,0,0,12425.39
25816,4,2,0,1,1,0,0,1,0,0,0,0,1,0,0,0,12549.89
19612,4,2,1,1,1,0,0,1,0,0,0,0,1,0,0,0,12274.96
17741,4,2,0,1,1,0,0,1,0,0,0,0,1,0,0,0,13446.21
24568,4,2,1,1,1,0,0,1,0,0,0,0,1,0,0,0,12319.7
30297,4,2,1,1,1,0,0,1,0,0,0,0,1,0,0,0,12234.89
29891,4,2,1,1,1,0,0,1,0,0,0,0,1,0,0,0,12684.99
32844,4,2,1,1,1,0,0,1,0,0,0,0,1,0,0,0,12553.07
20374,4,2,0,1,1,0,0,1,0,0,0,0,1,0,0,0,14185.02
27942,4,2,1,1,1,0,0,1,0,0,0,0,1,0,0,0,13019.07
6048,4,2,0,1,1,0,0,1,0,0,0,0,1,0,0,0,15747.8
25845,4,2,1,1,1,0,0,1,0,0,0,0,1,0,0,0,13699.04
27249,4,2,1,1,1,0,0,1,0,0,0,0,1,0,0,0,13530.07
10414,6,2,1,1,0,0,0,1,0,0,0,0,1,0,0,0,19177.41
23491,6,2,1,1,0,0,0,1,0,0,0,0,1,0,0,0,16357.99
26700,6,2,1,1,0,0,0,1,0,0,0,0,1,0,0,0,15797.2
18602,6,2,1,0,0,0,0,1,0,0,0,0,1,0,0,0,17515.4
11647,6,2,1,0,1,0,0,1,0,0,0,0,1,0,0,0,18040.14
25931,6,2,1,1,0,0,0,1,0,0,0,0,1,0,0,0,16345.94
5827,6,2,1,0,0,0,0,1,0,0,0,0,1,0,0,0,18800.09
22225,4,4,0,0,0,0,0,1,0,0,0,0,0,1,0,0,10386.04
20100,4,4,0,1,0,0,0,1,0,0,0,0,0,1,0,0,11017.17
12101,4,4,0,0,1,0,0,1,0,0,0,0,0,1,0,0,12163.82
20334,4,4,1,0,0,0,0,1,0,0,0,0,0,1,0,0,11096.86
27906,4,4,0,0,0,0,0,1,0,0,0,0,0,1,0,0,10777.05
10011,4,4,0,0,1,0,0,1,0,0,0,0,0,1,0,0,12146.19
19699,4,4,0,0,1,0,0,1,0,0,0,0,0,1,0,0,11472.02
23460,6,4,0,1,1,0,0,1,0,0,0,0,0,1,0,0,16825.19
33906,6,4,0,1,1,0,0,1,0,0,0,0,0,1,0,0,14914.2
19386,6,4,1,1,1,0,0,1,0,0,0,0,0,1,0,0,17801.23
24583,6,4,0,1,1,0,0,1,0,0,0,0,0,1,0,0,16543.98
21829,6,4,0,1,1,0,0,1,0,0,0,0,0,1,0,0,16744.03
26532,6,4,1,1,1,0,0,1,0,0,0,0,0,1,0,0,16143.96
17020,6,4,0,1,1,0,0,1,0,0,0,0,0,1,0,0,17891.63
11981,4,4,1,1,1,0,0,1,0,0,0,0,0,0,1,0,12409.95
4142,4,4,0,1,0,0,0,1,0,0,0,0,0,0,1,0,12314.59
3629,4,4,0,1,0,0,0,1,0,0,0,0,0,0,1,0,12649.11
30948,4,4,0,1,0,0,0,1,0,0,0,0,0,0,1,0,10491.08
11156,4,4,0,1,1,0,0,1,0,0,0,0,0,0,1,0,11318.01
15253,4,4,1,0,0,0,0,1,0,0,0,0,0,0,1,0,11700.11
19945,4,4,0,0,0,0,0,1,0,0,0,0,0,0,1,0,11215.02
2464,4,4,0,1,1,0,0,1,0,0,0,0,0,0,1,0,14894.98
14630,4,4,0,1,1,0,0,1,0,0,0,0,0,0,1,0,13167.7
25862,4,4,0,1,1,0,0,1,0,0,0,0,0,0,1,0,13230.92
25048,4,4,1,1,1,0,0,1,0,0,0,0,0,0,1,0,12573.9
39946,4,4,1,1,1,0,0,1,0,0,0,0,0,0,1,0,11328.96
25069,4,4,1,1,1,0,0,1,0,0,0,0,0,0,1,0,12383.4
11488,4,4,1,1,1,0,0,1,0,0,0,0,0,0,1,0,14678.11
27431,4,4,0,1,1,0,0,1,0,0,0,0,0,0,1,0,13545.03
21128,4,4,0,1,1,0,0,1,0,0,0,0,0,0,1,0,14304.74
12980,4,4,0,1,1,0,0,1,0,0,0,0,0,0,1,0,14847.04
18790,4,4,0,1,1,0,0,1,0,0,0,0,0,0,1,0,14593.85
23748,4,4,0,1,1,0,0,1,0,0,0,0,0,0,1,0,13744.85
21611,4,4,1,1,1,0,0,1,0,0,0,0,0,0,1,0,13688.95
34815,4,4,0,1,1,0,0,1,0,0,0,0,0,0,1,0,12741.19
18198,6,4,1,0,1,0,0,1,0,0,0,0,0,0,1,0,19075.68
25453,6,4,1,0,1,0,0,1,0,0,0,0,0,0,1,0,17839.8
1853,6,4,1,0,0,0,0,1,0,0,0,0,0,0,1,0,21757.05
26980,6,4,1,1,0,0,0,1,0,0,0,0,0,0,1,0,17789.35
19874,6,4,1,1,0,0,0,1,0,0,0,0,0,0,1,0,18527.21
29368,6,4,1,1,0,0,0,1,0,0,0,0,0,0,1,0,17294.18
21512,6,4,1,1,0,0,0,1,0,0,0,0,0,0,1,0,18912.98
21675,6,4,1,1,1,0,0,1,0,0,0,0,0,0,1,0,16472.9
25697,6,4,1,1,1,0,0,1,0,0,0,0,0,0,1,0,16300.47
32462,6,4,0,1,1,0,0,1,0,0,0,0,0,0,1,0,15138.4
21417,6,4,0,1,1,0,0,1,0,0,0,0,0,0,1,0,17158.92
27476,6,4,0,1,1,0,0,1,0,0,0,0,0,0,1,0,15623.2
1480,6,4,1,1,1,0,0,1,0,0,0,0,0,0,1,0,19164.61
23621,6,4,0,1,1,0,0,1,0,0,0,0,0,0,1,0,16993.78
28408,4,2,0,1,1,0,0,1,0,0,0,0,1,0,0,0,12230.1
19715,4,2,1,1,1,0,0,1,0,0,0,0,1,0,0,0,12507.49
19898,4,2,1,1,1,0,0,1,0,0,0,0,1,0,0,0,13141.05
4652,4,2,1,1,1,0,0,1,0,0,0,0,1,0,0,0,15053.93
20682,4,2,1,1,1,0,0,1,0,0,0,0,1,0,0,0,13594.09
14231,4,2,1,1,1,0,0,1,0,0,0,0,1,0,0,0,13464.8
6224,4,2,0,1,1,0,0,1,0,0,0,0,1,0,0,0,14642.32
16958,4,4,0,1,1,0,0,1,0,0,0,0,0,0,1,0,14255.75
20043,4,4,0,1,1,0,0,1,0,0,0,0,0,0,1,0,13308.83
20512,4,4,1,1,1,0,0,1,0,0,0,0,0,0,1,0,14145.88
21684,4,4,0,1,1,0,0,1,0,0,0,0,0,0,1,0,12944.94
27560,4,4,1,1,1,0,0,1,0,0,0,0,0,0,1,0,12846.06
8615,4,4,0,1,1,0,0,1,0,0,0,0,0,0,1,0,14266.91
18766,4,4,1,1,1,0,0,1,0,0,0,0,0,0,1,0,13688
22729,6,2,1,0,0,0,0,1,0,0,0,0,1,0,0,0,20017.97
22152,6,2,1,1,1,0,0,1,0,0,0,0,1,0,0,0,20839.15
39049,6,2,1,0,1,0,0,1,0,0,0,0,1,0,0,0,17586.93
18021,6,2,1,0,1,0,0,1,0,0,0,0,1,0,0,0,20676.17
14788,6,2,1,1,1,0,0,1,0,0,0,0,1,0,0,0,22384.12
7065,6,2,1,1,0,0,0,1,0,0,0,0,1,0,0,0,21745.03
23121,4,4,0,1,1,0,0,1,0,0,0,0,0,1,0,0,11179.95
20156,4,4,0,1,1,0,0,1,0,0,0,0,0,1,0,0,11031.13
23119,4,4,0,1,1,0,0,1,0,0,0,0,0,1,0,0,10921.95
20186,4,4,1,1,1,0,0,1,0,0,0,0,0,1,0,0,11343.05
25746,4,4,1,1,1,0,0,1,0,0,0,0,0,1,0,0,11013.87
25476,4,4,0,1,1,0,0,1,0,0,0,0,0,1,0,0,11070.06
21421,4,4,0,1,1,0,0,1,0,0,0,0,0,1,0,0,11391.21
16335,6,4,0,1,1,0,0,1,0,0,0,0,0,1,0,0,18273.01
6608,6,4,1,1,1,0,0,1,0,0,0,0,0,1,0,0,19471.97
19490,6,4,1,1,1,0,0,1,0,0,0,0,0,1,0,0,17663.22
15190,6,4,0,1,1,0,0,1,0,0,0,0,0,1,0,0,18009.85
24905,6,4,1,1,1,0,0,1,0,0,0,0,0,1,0,0,16988.3
18451,6,4,0,1,1,0,0,1,0,0,0,0,0,1,0,0,17553.75
17441,6,4,0,1,1,0,0,1,0,0,0,0,0,1,0,0,18311.76
7278,4,4,0,0,0,0,0,1,0,0,0,0,0,0,1,0,11918.46
34621,4,4,0,1,0,0,0,1,0,0,0,0,0,0,1,0,9919.05
21013,4,4,1,1,1,0,0,1,0,0,0,0,0,0,1,0,10805.13
14627,4,4,0,1,0,0,0,1,0,0,0,0,0,0,1,0,11302.9
25065,4,4,0,1,0,0,0,1,0,0,0,0,0,0,1,0,10770.11
25869,4,4,0,0,0,0,0,1,0,0,0,0,0,0,1,0,10872.01
10213,4,4,0,0,1,0,0,1,0,0,0,0,0,0,1,0,12408.81
21527,4,4,0,1,1,0,0,1,0,0,0,0,0,0,1,0,14401.91
17158,4,4,1,1,1,0,0,1,0,0,0,0,0,0,1,0,15163.17
18910,4,4,0,1,1,0,0,1,0,0,0,0,0,0,1,0,14508.75
865,4,4,1,1,1,0,0,1,0,0,0,0,0,0,1,0,16116.84
18210,4,4,1,1,1,0,0,1,0,0,0,0,0,0,1,0,14897.04
14824,4,4,1,1,1,0,0,1,0,0,0,0,0,0,1,0,15084.82
19818,4,4,0,1,1,0,0,1,0,0,0,0,0,0,1,0,14418.17
23133,6,4,1,1,1,0,0,1,0,0,0,0,0,0,1,0,16403.25
19593,6,4,1,1,1,0,0,1,0,0,0,0,0,0,1,0,17316.1
18277,6,4,1,1,1,0,0,1,0,0,0,0,0,0,1,0,17119.46
19883,6,4,1,1,1,0,0,1,0,0,0,0,0,0,1,0,16860.87
24218,6,4,1,1,1,0,0,1,0,0,0,0,0,0,1,0,16536.74
932,6,4,0,1,1,0,0,1,0,0,0,0,0,0,1,0,19446.88
28239,6,4,0,1,1,0,0,1,0,0,0,0,0,0,1,0,16295.21
22841,6,4,1,1,1,0,0,1,0,0,0,0,0,1,0,0,16860.09
7397,6,4,1,1,1,0,0,1,0,0,0,0,0,1,0,0,18324.83
5632,6,4,0,1,1,0,0,1,0,0,0,0,0,1,0,0,18974.92
22889,6,4,0,1,1,0,0,1,0,0,0,0,0,1,0,0,16027.29
21452,6,4,0,1,1,0,0,1,0,0,0,0,0,1,0,0,16267.09
7645,6,4,0,1,1,0,0,1,0,0,0,0,0,1,0,0,19581.23
14754,6,4,0,1,1,0,0,1,0,0,0,0,0,1,0,0,18169.38
14376,4,2,0,0,0,0,0,0,0,0,1,0,1,0,0,0,14881.96
23645,4,2,0,0,0,0,0,0,0,0,1,0,1,0,0,0,13719.24
26788,4,2,0,0,1,0,0,0,0,0,1,0,1,0,0,0,14077.97
26986,4,2,1,0,1,0,0,0,0,0,1,0,1,0,0,0,14411.86
21020,4,2,0,1,0,0,0,0,0,0,1,0,1,0,0,0,13991.04
19455,4,2,0,0,1,0,0,0,0,0,1,0,1,0,0,0,15033.15
22255,4,2,1,0,1,0,0,0,0,0,1,0,1,0,0,0,14771
25981,4,2,1,1,0,0,0,0,0,0,1,0,1,0,0,0,13518.24
26034,4,2,0,0,1,0,0,0,0,0,1,0,1,0,0,0,13825.15
10555,4,2,0,0,1,0,0,0,0,0,1,0,1,0,0,0,16256.24
24349,4,2,1,1,0,0,0,0,0,0,1,0,1,0,0,0,13869.15
2879,4,2,1,0,1,0,0,0,0,0,1,0,1,0,0,0,16916.87
26236,4,2,0,1,1,0,0,0,0,0,1,0,1,0,0,0,13811.16
38958,4,2,0,0,0,0,0,0,0,0,1,0,1,0,0,0,11539.05
24747,6,4,1,1,1,0,0,0,1,0,0,0,0,0,1,0,18566.07
22423,6,4,1,1,0,0,0,0,1,0,0,0,0,0,1,0,18856.02
11554,6,4,1,0,1,0,0,0,1,0,0,0,0,0,1,0,19682.04
17583,6,4,1,1,0,0,0,0,1,0,0,0,0,0,1,0,20318.89
21121,6,4,1,1,0,0,0,0,1,0,0,0,0,0,1,0,17844.73
16496,6,4,1,1,0,0,0,0,1,0,0,0,0,0,1,0,18678.41
28385,6,4,1,1,1,0,0,0,1,0,0,0,0,0,1,0,17768.06
19602,4,4,0,1,1,0,0,0,1,0,0,0,0,0,1,0,13961.11
13262,4,4,0,1,1,0,0,0,1,0,0,0,0,0,1,0,15077.18
23976,4,4,0,1,1,0,0,0,1,0,0,0,0,0,1,0,13034.07
5788,4,4,1,1,1,0,0,0,1,0,0,0,0,0,1,0,15604.15
3946,4,4,1,1,1,0,0,0,1,0,0,0,0,0,1,0,15979.01
12420,4,4,0,1,1,0,0,0,1,0,0,0,0,0,1,0,14841.92
4188,4,4,1,1,1,0,0,0,1,0,0,0,0,0,1,0,16379.85
22236,6,4,1,1,0,1,0,0,0,0,0,0,0,0,1,0,15709.05
22964,6,4,1,1,0,1,0,0,0,0,0,0,0,0,1,0,15048.04
27325,6,4,1,1,1,1,0,0,0,0,0,0,0,0,1,0,15295.02
19832,6,4,1,0,1,1,0,0,0,0,0,0,0,0,1,0,16339.17
9135,6,4,1,1,0,1,0,0,0,0,0,0,0,0,1,0,17542.04
13196,6,4,1,1,0,1,0,0,0,0,0,0,0,0,1,0,16218.85
8221,6,4,1,1,1,1,0,0,0,0,0,0,0,0,1,0,17314.1
25564,6,4,1,1,1,1,0,0,0,0,0,0,0,0,1,0,21831.82
18910,6,4,1,0,1,1,0,0,0,0,0,0,0,0,1,0,23420.71
10014,6,4,1,1,0,1,0,0,0,0,0,0,0,0,1,0,25098.63
23798,6,4,1,0,1,1,0,0,0,0,0,0,0,0,1,0,23077.57
22287,6,4,1,1,1,1,0,0,0,0,0,0,0,0,1,0,22435.2
2308,6,4,1,1,0,1,0,0,0,0,0,0,0,0,1,0,25589.98
15343,8,4,1,1,1,0,1,0,0,0,0,0,0,0,1,0,46747.67
2202,8,4,1,1,1,0,1,0,0,0,0,0,0,0,1,0,51154.05
24052,8,4,1,0,1,0,1,0,0,0,0,0,0,0,1,0,42677.6
23371,8,4,1,0,1,0,1,0,0,0,0,0,0,0,1,0,43892.47
23751,8,4,1,0,1,0,1,0,0,0,0,0,0,0,1,0,44300.64
30082,8,4,1,1,1,0,1,0,0,0,0,0,0,0,1,0,40619.07
21367,8,4,1,1,1,0,1,0,0,0,0,0,0,0,1,0,44084.91
17870,6,4,1,1,1,0,1,0,0,0,0,0,0,0,1,0,30792.15
21056,6,4,1,1,1,0,1,0,0,0,0,0,0,0,1,0,29275.21
18449,6,4,1,1,1,0,1,0,0,0,0,0,0,0,1,0,30392.75
10625,6,4,1,1,1,0,1,0,0,0,0,0,0,0,1,0,30957.08
14937,6,4,1,1,1,0,1,0,0,0,0,0,0,0,1,0,30781.52
6598,6,4,1,1,1,0,1,0,0,0,0,0,0,0,1,0,33417.97
27484,6,4,1,1,1,0,1,0,0,0,0,0,0,0,1,0,28040.13
26222,8,4,1,0,1,0,1,0,0,0,0,0,0,0,1,0,31181.72
18661,8,4,1,0,1,0,1,0,0,0,0,0,0,0,1,0,33220.03
17508,8,4,1,0,1,0,1,0,0,0,0,0,0,0,1,0,32501.25
20910,8,4,1,0,1,0,1,0,0,0,0,0,0,0,1,0,32509.48
27544,8,4,1,1,1,0,1,0,0,0,0,0,0,0,1,0,31059.18
23124,8,4,1,1,1,0,1,0,0,0,0,0,0,0,1,0,31132.21
6447,8,4,1,0,1,0,1,0,0,0,0,0,0,0,1,0,35715.77
22042,6,4,1,1,1,0,1,0,0,0,0,0,0,0,1,0,36633.63
16754,6,4,1,0,1,0,1,0,0,0,0,0,0,0,1,0,38297.46
2846,6,4,1,0,1,0,1,0,0,0,0,0,0,0,1,0,42741.52
7476,6,4,1,1,1,0,1,0,0,0,0,0,0,0,1,0,40966.61
35326,6,4,1,1,1,0,1,0,0,0,0,0,0,0,1,0,32038.34
19100,6,4,1,0,1,0,1,0,0,0,0,0,0,0,1,0,37192.9
25796,6,4,1,1,1,0,1,0,0,0,0,0,0,0,1,0,34974.38
15104,8,4,1,0,1,0,1,0,0,0,0,0,0,0,1,0,44205.88
18581,8,4,1,0,1,0,1,0,0,0,0,0,0,0,1,0,42377.96
788,8,4,1,0,1,0,1,0,0,0,0,0,0,0,1,0,48310.33
23861,8,4,1,1,1,0,1,0,0,0,0,0,0,0,1,0,41516.43
20575,8,4,1,0,1,0,1,0,0,0,0,0,0,0,1,0,41671.58
25717,8,4,1,1,1,0,1,0,0,0,0,0,0,0,1,0,41053.48
31303,8,4,1,1,1,0,1,0,0,0,0,0,0,0,1,0,38208.5
14311,4,4,0,1,1,0,0,1,0,0,0,0,0,0,1,0,13072.84
24163,4,4,0,1,1,0,0,1,0,0,0,0,0,0,1,0,11539.05
19816,4,4,1,1,1,0,0,1,0,0,0,0,0,0,1,0,11699.03
21525,4,4,0,1,1,0,0,1,0,0,0,0,0,0,1,0,11574.17
25014,4,4,1,1,1,0,0,1,0,0,0,0,0,0,1,0,12243.06
25727,4,4,1,1,1,0,0,1,0,0,0,0,0,0,1,0,11671.86
4922,4,4,0,1,1,0,0,1,0,0,0,0,0,0,1,0,14061.12
7695,4,4,0,1,1,0,0,1,0,0,0,0,0,0,1,0,15553.21
36566,4,4,0,1,1,0,0,1,0,0,0,0,0,0,1,0,11581.91
21145,4,4,1,1,1,0,0,1,0,0,0,0,0,0,1,0,13161.94
17445,4,4,0,1,1,0,0,1,0,0,0,0,0,0,1,0,14077.97
12305,4,4,1,1,1,0,0,1,0,0,0,0,0,0,1,0,15047
20309,4,4,1,1,1,0,0,1,0,0,0,0,0,0,1,0,12981.95
23069,4,4,1,1,1,0,0,1,0,0,0,0,0,0,1,0,14220.01
22740,4,4,1,1,1,0,0,1,0,0,0,0,0,0,1,0,13159.82
28683,4,4,0,1,1,0,0,1,0,0,0,0,0,0,1,0,12678.85
17270,4,4,0,1,1,0,0,1,0,0,0,0,0,0,1,0,13994.91
9561,4,4,0,1,1,0,0,1,0,0,0,0,0,0,1,0,14194.82
6709,4,4,1,1,1,0,0,1,0,0,0,0,0,0,1,0,14696.03
7115,4,4,1,1,1,0,0,1,0,0,0,0,0,0,1,0,14582.77
26204,4,4,0,1,1,0,0,1,0,0,0,0,0,0,1,0,12495.97
1787,6,4,1,0,0,0,0,1,0,0,0,0,0,0,1,0,20021.2
33357,6,4,1,1,1,0,0,1,0,0,0,0,0,0,1,0,15554.28
22383,6,4,1,1,1,0,0,1,0,0,0,0,0,0,1,0,16644.09
8211,6,4,1,0,1,0,0,1,0,0,0,0,0,0,1,0,18835.19
21567,6,4,1,0,1,0,0,1,0,0,0,0,0,0,1,0,17154.58
26070,6,4,1,1,1,0,0,1,0,0,0,0,0,0,1,0,15951.81
27460,6,4,1,1,1,0,0,1,0,0,0,0,0,0,1,0,16508.59
20154,6,4,0,1,1,0,0,1,0,0,0,0,0,0,1,0,16646.77
14579,6,4,1,1,1,0,0,1,0,0,0,0,0,0,1,0,17218.69
8732,6,4,0,1,1,0,0,1,0,0,0,0,0,0,1,0,17089.92
11393,6,4,1,1,1,0,0,1,0,0,0,0,0,0,1,0,17463.05
25956,6,4,0,1,1,0,0,1,0,0,0,0,0,0,1,0,15680.86
18562,6,4,1,1,1,0,0,1,0,0,0,0,0,0,1,0,16752.51
25787,6,4,1,1,1,0,0,1,0,0,0,0,0,0,1,0,15664.62
25516,6,4,1,0,1,0,0,0,1,0,0,0,0,0,1,0,18620.87
10338,6,4,1,0,0,0,0,0,1,0,0,0,0,0,1,0,20452.67
11204,6,4,1,1,0,0,0,0,1,0,0,0,0,0,1,0,20677.59
7287,6,4,1,1,1,0,0,0,1,0,0,0,0,0,1,0,21383.07
19539,6,4,1,0,0,0,0,0,1,0,0,0,0,0,1,0,19294.79
21702,6,4,1,0,0,0,0,0,1,0,0,0,0,0,1,0,18042.22
35624,6,4,1,1,0,0,0,0,1,0,0,0,0,0,1,0,16216.98
23989,6,4,1,0,0,0,0,0,1,0,0,0,0,0,1,0,15724.25
1592,6,4,1,1,0,0,0,0,1,0,0,0,0,0,1,0,19822.12
29325,6,4,1,1,0,0,0,0,1,0,0,0,0,0,1,0,15756.15
21974,6,4,1,0,0,0,0,0,1,0,0,0,0,0,1,0,15979.01
22637,6,4,1,0,0,0,0,0,1,0,0,0,0,0,1,0,16256.24
27800,6,4,1,1,0,0,0,0,1,0,0,0,0,0,1,0,16041.69
2189,6,4,1,1,1,0,0,0,1,0,0,0,0,0,1,0,19567.26
2392,4,4,1,1,0,0,0,0,0,0,1,0,0,0,1,0,15110.19
19853,4,4,0,1,1,0,0,0,0,0,1,0,0,0,1,0,12036.22
22758,4,4,1,1,0,0,0,0,0,0,1,0,0,0,1,0,12099.01
24740,4,4,1,1,0,0,0,0,0,0,1,0,0,0,1,0,12284.29
11836,4,4,0,0,0,0,0,0,0,0,1,0,0,0,1,0,14203
12878,4,4,1,0,0,0,0,0,0,0,1,0,0,0,1,0,14116.92
16163,4,4,0,0,1,0,0,0,0,0,1,0,0,0,1,0,12791.75
1737,4,4,0,0,1,0,0,0,0,0,1,0,0,0,1,0,14739.07
29707,4,4,0,1,1,0,0,0,0,0,1,0,0,0,1,0,12965.22
24664,4,4,0,1,1,0,0,0,0,0,1,0,0,0,1,0,12412.52
32458,4,4,0,0,0,0,0,0,0,0,1,0,0,0,1,0,10563.07
21877,4,4,0,0,0,0,0,0,0,0,1,0,0,0,1,0,12333.6
22826,4,4,0,0,1,0,0,0,0,0,1,0,0,0,1,0,12119.09
34998,4,4,0,1,1,0,0,0,0,0,1,0,0,0,1,0,11521.53
28298,4,4,0,1,0,0,0,0,0,0,1,0,0,0,1,0,12105.98
21770,4,4,0,1,0,0,0,0,0,0,1,0,0,0,1,0,12162.14
19101,4,4,0,1,1,0,0,0,0,0,1,0,0,0,1,0,13122.91
19500,4,4,1,0,1,0,0,0,0,0,1,0,0,0,1,0,13494.29
13318,4,4,0,0,1,0,0,0,0,0,1,0,0,0,1,0,13174.07
24069,4,4,0,1,0,0,0,0,0,0,1,0,0,0,1,0,13216.91
26328,4,4,0,0,1,0,0,0,0,0,1,0,0,0,1,0,12594.18
23388,4,4,0,0,0,0,0,0,0,0,1,0,0,0,1,0,11679.92
19419,6,4,1,1,0,0,0,0,1,0,0,0,0,0,1,0,20830.99
11069,6,4,1,0,1,0,0,0,1,0,0,0,0,0,1,0,21607.77
15516,6,4,1,1,1,0,0,0,1,0,0,0,0,0,1,0,22004.93
26252,6,4,1,0,1,0,0,0,1,0,0,0,0,0,1,0,19116.13
2295,6,4,1,1,1,0,0,0,1,0,0,0,0,0,1,0,23197.44
22891,6,4,1,1,1,0,0,0,1,0,0,0,0,0,1,0,20109.9
5653,6,4,1,0,0,0,0,0,1,0,0,0,0,0,1,0,23102.02
12052,6,4,1,1,0,1,0,0,0,0,0,0,0,0,1,0,26781.81
37128,6,4,1,1,1,1,0,0,0,0,0,0,0,0,1,0,21536.74
17335,6,4,1,0,1,1,0,0,0,0,0,0,0,0,1,0,26190.27
9795,6,4,1,1,0,1,0,0,0,0,0,0,0,0,1,0,26060.34
25869,6,4,1,0,0,1,0,0,0,0,0,0,0,0,1,0,23159.54
13050,6,4,1,1,0,1,0,0,0,0,0,0,0,0,1,0,26302.07
24027,6,4,1,0,1,1,0,0,0,0,0,0,0,0,1,0,23348.02
9150,4,4,0,0,0,0,0,0,1,0,0,0,0,0,0,1,16706.67
2973,4,4,0,0,0,0,0,0,1,0,0,0,0,0,0,1,16927.78
23323,4,4,0,1,1,0,0,0,1,0,0,0,0,0,0,1,14909.05
8754,4,4,0,1,0,0,0,0,1,0,0,0,0,0,0,1,16379.1
23217,4,4,1,1,1,0,0,0,1,0,0,0,0,0,0,1,15622.12
4463,4,4,1,0,1,0,0,0,1,0,0,0,0,0,0,1,17418.07
14304,4,4,0,0,1,0,0,0,1,0,0,0,0,0,0,1,15821.95
12466,6,2,1,1,0,0,0,1,0,0,0,0,1,0,0,0,23573.82
25550,6,2,1,1,1,0,0,1,0,0,0,0,1,0,0,0,21020.84
14948,6,2,1,1,0,0,0,1,0,0,0,0,1,0,0,0,23527.73
24665,6,2,1,1,0,0,0,1,0,0,0,0,1,0,0,0,20047.95
22626,6,2,1,1,0,0,0,1,0,0,0,0,1,0,0,0,22470.36
24067,6,2,1,0,0,0,0,1,0,0,0,0,1,0,0,0,20619.11
25020,6,2,1,1,1,0,0,1,0,0,0,0,1,0,0,0,21525.34
5379,6,4,1,1,0,0,0,1,0,0,0,0,0,0,1,0,27714.05
636,6,4,1,0,0,0,0,1,0,0,0,0,0,0,1,0,25948.96
27384,6,4,1,1,1,0,0,1,0,0,0,0,0,0,1,0,22064.29
27940,6,4,1,0,0,0,0,1,0,0,0,0,0,0,1,0,23151.55
33892,6,4,1,0,0,0,0,1,0,0,0,0,0,0,1,0,20294.58
26272,6,4,1,1,1,0,0,1,0,0,0,0,0,0,1,0,22894.44
16111,6,4,1,0,0,0,0,1,0,0,0,0,0,0,1,0,24809.04
14521,4,4,0,1,0,0,0,1,0,0,0,0,0,1,0,0,10354.04
16521,4,4,1,1,1,0,0,1,0,0,0,0,0,1,0,0,10287.98
6699,4,4,0,1,1,0,0,1,0,0,0,0,0,1,0,0,10897.08
22986,4,4,0,1,1,0,0,1,0,0,0,0,0,1,0,0,9789.04
14200,4,4,1,0,0,0,0,1,0,0,0,0,0,1,0,0,10106.02
22169,4,4,0,0,1,0,0,1,0,0,0,0,0,1,0,0,9506.05
29992,4,4,1,0,1,0,0,1,0,0,0,0,0,1,0,0,9220.83
35299,4,4,0,0,0,0,0,1,0,0,0,0,0,0,1,0,8769
32914,4,4,1,1,0,0,0,1,0,0,0,0,0,0,1,0,8870.95
14438,4,4,0,0,1,0,0,1,0,0,0,0,0,0,1,0,10315.02
19183,4,4,0,0,0,0,0,1,0,0,0,0,0,0,1,0,9654.06
26191,4,4,0,0,1,0,0,1,0,0,0,0,0,0,1,0,9041.91
7091,4,4,1,0,0,0,0,1,0,0,0,0,0,0,1,0,10971.1
25216,4,4,0,0,0,0,0,1,0,0,0,0,0,0,1,0,8638.93
32477,4,2,1,1,1,0,0,0,0,1,0,1,0,0,0,0,29612.15
18930,4,2,1,0,1,0,0,0,0,1,0,1,0,0,0,0,33586.91
3828,4,2,1,1,1,0,0,0,0,1,0,1,0,0,0,0,37088.56
31344,4,4,1,1,1,0,0,0,0,1,0,0,0,0,1,0,24405.07
24738,4,4,1,1,1,0,0,0,0,1,0,0,0,0,1,0,27703.2
20208,4,4,1,0,1,0,0,0,0,1,0,0,0,0,1,0,25618.28
27600,4,4,1,1,0,0,0,0,0,1,0,0,0,0,1,0,23733.4
22021,4,4,1,1,1,0,0,0,0,1,0,0,0,0,1,0,28204.6
14281,4,4,1,1,1,0,0,0,0,1,0,0,0,0,1,0,27284.75
17673,4,4,1,1,1,0,0,0,0,1,0,0,0,0,0,1,30959.93
20685,4,4,1,0,1,0,0,0,0,1,0,0,0,0,0,1,28328.27
34269,4,4,1,1,1,0,0,0,0,1,0,0,0,0,0,1,26012.37
25420,4,2,1,0,0,0,0,0,0,1,0,1,0,0,0,0,33984.43
13162,4,2,1,0,1,0,0,0,0,1,0,1,0,0,0,0,38167.17
18195,4,2,1,1,0,0,0,0,0,1,0,1,0,0,0,0,36338.75
34175,4,4,1,1,0,0,0,0,0,1,0,0,0,0,1,0,25267.37
5144,4,4,1,1,0,0,0,0,0,1,0,0,0,0,1,0,32053.1
22189,4,4,1,0,0,0,0,0,0,1,0,0,0,0,1,0,26789.83
23426,4,4,1,1,1,0,0,0,0,1,0,0,0,0,0,1,30271.92
31773,4,4,1,0,1,0,0,0,0,1,0,0,0,0,0,1,26955.04
16975,4,4,1,1,1,0,0,0,0,1,0,0,0,0,0,1,32649.76
19465,4,4,1,0,0,0,0,0,1,0,0,0,0,0,0,1,16106.83
27887,4,4,0,0,0,0,0,0,1,0,0,0,0,0,0,1,15174.35
18391,4,4,0,1,1,0,0,0,1,0,0,0,0,0,0,1,16033.93
25960,8,2,1,0,1,0,0,1,0,0,0,1,0,0,0,0,38824.87
12115,8,2,1,0,1,0,0,1,0,0,0,1,0,0,0,0,44749.69
25169,8,2,1,1,1,0,0,1,0,0,0,1,0,0,0,0,39691.73
21796,4,2,1,1,1,0,0,1,0,0,0,0,1,0,0,0,13135.91
19136,4,2,0,1,1,0,0,1,0,0,0,0,1,0,0,0,12045.92
10717,8,2,1,1,1,0,0,1,0,0,0,0,1,0,0,0,39092.19
25747,8,2,1,0,1,0,0,1,0,0,0,0,1,0,0,0,34739.21
22740,8,2,1,0,1,0,0,1,0,0,0,0,1,0,0,0,35575.42
21910,4,2,0,1,1,0,0,1,0,0,0,0,1,0,0,0,13106.9
28492,4,2,0,1,1,0,0,1,0,0,0,0,1,0,0,0,12487.05
22405,4,2,0,1,1,0,0,1,0,0,0,0,1,0,0,0,11539.85
19712,4,2,0,1,1,0,0,1,0,0,0,0,1,0,0,0,12469.53
23886,8,2,1,0,1,0,0,0,1,0,0,0,1,0,0,0,27425.84
36480,8,2,1,1,1,0,0,0,1,0,0,0,1,0,0,0,25527.01
17830,4,2,1,1,1,0,0,0,1,0,0,0,1,0,0,0,12830.1
26097,4,2,0,1,1,0,0,0,1,0,0,0,1,0,0,0,12209.56
9185,8,2,1,1,1,0,0,0,1,0,0,0,1,0,0,0,32422.76
19225,4,2,1,1,1,0,0,0,1,0,0,0,1,0,0,0,12878.05
21797,6,4,1,0,1,1,0,0,0,0,0,0,0,0,1,0,19027.86
19592,6,4,1,0,0,1,0,0,0,0,0,0,0,0,1,0,17944.86
27830,6,4,1,1,1,1,0,0,0,0,0,0,0,0,1,0,17645.75
10237,6,4,1,0,0,1,0,0,0,0,0,0,0,0,1,0,21335.85
34665,6,4,1,1,1,1,0,0,0,0,0,0,0,0,1,0,17968.84
24008,6,4,1,0,0,1,0,0,0,0,0,0,0,0,1,0,19105.13
19467,6,4,1,0,1,1,0,0,0,0,0,0,0,0,1,0,21460.01
18908,6,4,1,0,0,1,0,0,0,0,0,0,0,0,1,0,21273.06
22596,6,4,1,0,0,1,0,0,0,0,0,0,0,0,1,0,20406.1
22102,6,4,1,0,1,1,0,0,0,0,0,0,0,0,1,0,22230.03
29649,6,4,1,1,1,1,0,0,0,0,0,0,0,0,1,0,20902.1
23612,6,4,1,0,1,1,0,0,0,0,0,0,0,0,1,0,22625.07
24415,8,4,1,1,1,0,1,0,0,0,0,0,0,0,1,0,35866.58
18661,8,4,1,0,1,0,1,0,0,0,0,0,0,0,1,0,38445.9
25421,8,4,1,0,1,0,1,0,0,0,0,0,0,0,1,0,34685.66
5499,8,4,1,0,1,0,1,0,0,0,0,0,0,0,1,0,42820.33
25153,8,4,1,0,1,0,1,0,0,0,0,0,0,0,1,0,36332.89
14452,8,4,1,0,1,0,1,0,0,0,0,0,0,0,1,0,41419.04
18315,6,2,0,1,1,0,0,0,1,0,0,0,1,0,0,0,15595.88
881,6,2,0,1,1,0,0,0,1,0,0,0,1,0,0,0,17360.81
22414,6,2,0,1,1,0,0,0,1,0,0,0,1,0,0,0,15594.81
18720,6,4,1,0,0,0,0,0,1,0,0,0,0,0,1,0,17095.04
31471,6,4,1,1,0,0,0,0,1,0,0,0,0,0,1,0,14963.05
25830,6,4,1,0,1,0,0,0,1,0,0,0,0,0,1,0,16997.69
9049,6,4,1,1,1,0,0,0,1,0,0,0,0,0,1,0,22104.97
5690,6,4,1,1,1,0,0,0,1,0,0,0,0,0,1,0,22736.83
11221,6,4,1,1,1,0,0,0,1,0,0,0,0,0,1,0,22311.05
27438,4,4,0,0,1,0,0,0,1,0,0,0,0,0,0,1,15086.9
21307,4,4,0,0,0,0,0,0,1,0,0,0,0,0,0,1,15589.78
12303,4,4,1,1,1,0,0,0,1,0,0,0,0,0,0,1,17803.28
12772,6,4,1,1,0,0,0,0,1,0,0,0,0,0,1,0,21300.02
25557,6,4,1,0,1,0,0,0,1,0,0,0,0,0,1,0,19423.17
26028,6,4,1,1,0,0,0,0,1,0,0,0,0,0,1,0,19956.76
11892,8,4,1,0,1,0,0,0,1,0,0,0,0,0,1,0,25452.47
25794,8,4,1,0,1,0,0,0,1,0,0,0,0,0,1,0,21765.07
20472,8,4,1,1,1,0,0,0,1,0,0,0,0,0,1,0,21982.65
31805,8,2,1,0,1,0,1,0,0,0,0,1,0,0,0,0,55639.09
15600,8,2,1,1,1,0,1,0,0,0,0,1,0,0,0,0,65281.48
29260,8,2,1,1,1,0,1,0,0,0,0,1,0,0,0,0,57154.44
7755,6,4,1,1,1,0,0,0,0,0,1,0,0,0,1,0,18490.98
19095,6,4,1,1,0,0,0,0,0,0,1,0,0,0,1,0,16175.96
5826,6,4,1,1,1,0,0,0,0,0,1,0,0,0,1,0,18173.98
23767,6,4,1,0,1,1,0,0,0,0,0,0,0,0,1,0,21562.05
31324,6,4,1,1,1,1,0,0,0,0,0,0,0,0,1,0,19641.74
20137,6,4,1,1,0,1,0,0,0,0,0,0,0,0,1,0,21575.46
17711,4,2,1,1,0,0,0,0,0,1,0,1,0,0,0,0,34355
21661,4,2,1,0,1,0,0,0,0,1,0,1,0,0,0,0,33287.41
21208,4,2,1,1,0,0,0,0,0,1,0,1,0,0,0,0,31970.54
21266,4,4,1,1,0,0,0,0,0,1,0,0,0,0,1,0,24896.6
27674,4,4,1,1,1,0,0,0,0,1,0,0,0,0,1,0,24063.01
16068,4,4,1,0,0,0,0,0,0,1,0,0,0,0,1,0,26337.83
36557,4,4,1,1,1,0,0,0,0,1,0,0,0,0,0,1,25845.21
14278,4,4,1,0,1,0,0,0,0,1,0,0,0,0,0,1,30661.26
16225,4,4,1,1,1,0,0,0,0,1,0,0,0,0,0,1,30322.15
1169,4,2,0,1,1,0,0,1,0,0,0,0,1,0,0,0,15635.8
15898,6,2,1,0,0,0,0,1,0,0,0,0,1,0,0,0,17685.2
1160,4,2,1,1,1,0,0,1,0,0,0,0,1,0,0,0,14584.45
33345,6,2,1,0,0,0,0,1,0,0,0,0,1,0,0,0,15503.51
10210,4,2,1,1,1,0,0,1,0,0,0,0,1,0,0,0,13681.7
8345,6,2,1,0,1,0,0,1,0,0,0,0,1,0,0,0,18910.8
19347,4,2,0,1,1,0,0,1,0,0,0,0,1,0,0,0,12327.64
15768,4,2,1,1,1,0,0,1,0,0,0,0,1,0,0,0,14619.08
26143,4,2,1,1,1,0,0,1,0,0,0,0,1,0,0,0,13310.06
29680,4,4,0,0,1,0,0,1,0,0,0,0,0,1,0,0,9928.19
22484,4,4,0,1,1,0,0,1,0,0,0,0,0,1,0,0,11137.05
24568,4,4,1,0,1,0,0,1,0,0,0,0,0,1,0,0,11045.11
8687,6,4,0,1,1,0,0,1,0,0,0,0,0,1,0,0,18950.91
19740,6,4,1,1,1,0,0,1,0,0,0,0,0,1,0,0,16723.99
5936,6,4,0,1,1,0,0,1,0,0,0,0,0,1,0,0,18957.89
13404,4,4,1,1,0,0,0,1,0,0,0,0,0,0,1,0,11555.27
29420,6,4,1,1,1,0,0,1,0,0,0,0,0,0,1,0,18083.4
36855,4,4,0,1,1,0,0,1,0,0,0,0,0,0,1,0,11080.52
18910,4,4,1,1,1,0,0,1,0,0,0,0,0,0,1,0,13471.01
11322,4,4,1,1,1,0,0,1,0,0,0,0,0,0,1,0,14198.09
18795,6,4,1,1,1,0,0,1,0,0,0,0,0,0,1,0,19409.75
14115,6,4,1,1,0,0,0,1,0,0,0,0,0,0,1,0,19528.1
14504,4,4,0,1,1,0,0,1,0,0,0,0,0,0,1,0,15000.99
37345,4,4,0,1,1,0,0,1,0,0,0,0,0,0,1,0,9954.05
7961,6,4,0,1,1,0,0,1,0,0,0,0,0,0,1,0,18800.96
13828,4,4,1,1,1,0,0,1,0,0,0,0,0,0,1,0,15128.99
8880,4,4,0,1,1,0,0,1,0,0,0,0,0,0,1,0,14997.88
32535,6,4,0,1,1,0,0,1,0,0,0,0,0,0,1,0,15233.16
15144,6,4,1,1,1,0,0,1,0,0,0,0,0,0,1,0,17458.22
23963,4,4,1,1,0,0,0,1,0,0,0,0,0,0,1,0,10144.95
5189,4,2,0,1,1,0,0,1,0,0,0,0,1,0,0,0,14397.93
21386,4,2,1,1,1,0,0,1,0,0,0,0,1,0,0,0,12733.86
17971,4,2,1,1,1,0,0,1,0,0,0,0,1,0,0,0,13678.86
18533,4,4,1,1,1,0,0,1,0,0,0,0,0,0,1,0,14275.13
8427,4,4,0,1,1,0,0,1,0,0,0,0,0,0,1,0,14222.31
18040,4,4,1,1,1,0,0,1,0,0,0,0,0,0,1,0,13762.9
16950,6,2,1,0,0,0,0,1,0,0,0,0,1,0,0,0,20537.14
17337,6,2,1,1,1,0,0,1,0,0,0,0,1,0,0,0,21233.91
27218,6,2,1,1,0,0,0,1,0,0,0,0,1,0,0,0,18876.87
30056,4,4,1,1,1,0,0,1,0,0,0,0,0,1,0,0,11115.01
21427,4,4,1,1,1,0,0,1,0,0,0,0,0,1,0,0,11247.86
25107,4,4,0,1,1,0,0,1,0,0,0,0,0,1,0,0,11394.89
24461,6,4,0,1,1,0,0,1,0,0,0,0,0,1,0,0,17115.12
18771,6,4,0,1,1,0,0,1,0,0,0,0,0,1,0,0,18004.87
25874,6,4,1,1,1,0,0,1,0,0,0,0,0,1,0,0,16803.12
21420,6,4,1,1,1,0,0,1,0,0,0,0,0,0,1,0,17312.91
22380,4,4,0,1,0,0,0,1,0,0,0,0,0,0,1,0,11169.92
9882,4,4,0,1,1,0,0,1,0,0,0,0,0,0,1,0,16428.58
21181,4,4,1,1,1,0,0,1,0,0,0,0,0,0,1,0,14191.88
27776,4,4,1,0,0,0,0,1,0,0,0,0,0,0,1,0,10921.95
21627,4,4,0,1,1,0,0,1,0,0,0,0,0,0,1,0,14175.88
19014,4,4,0,1,1,0,0,1,0,0,0,0,0,0,1,0,11615.02
25394,6,4,0,1,1,0,0,1,0,0,0,0,0,0,1,0,16341.8
26328,6,4,1,1,1,0,0,1,0,0,0,0,0,0,1,0,16713.98
18721,6,4,0,1,1,0,0,1,0,0,0,0,0,1,0,0,17173.94
17488,6,4,0,1,1,0,0,1,0,0,0,0,0,1,0,0,17986.22
20200,6,4,0,1,1,0,0,1,0,0,0,0,0,1,0,0,16456.97
27231,4,2,0,1,0,0,0,0,0,0,1,0,1,0,0,0,13600.03
12920,4,2,1,0,0,0,0,0,0,0,1,0,1,0,0,0,15395.01
16951,4,2,0,1,0,0,0,0,0,0,1,0,1,0,0,0,15277.07
30108,4,2,1,1,1,0,0,0,0,0,1,0,1,0,0,0,13032.87
17656,4,2,1,1,0,0,0,0,0,0,1,0,1,0,0,0,14702.8
8507,4,2,1,0,0,0,0,0,0,0,1,0,1,0,0,0,15639.04
4318,4,4,0,1,1,0,0,0,1,0,0,0,0,0,1,0,15327.1
18419,6,4,1,1,1,0,0,0,1,0,0,0,0,0,1,0,20127.04
5350,4,4,0,1,1,0,0,0,1,0,0,0,0,0,1,0,15846.01
24542,4,4,0,1,1,0,0,0,1,0,0,0,0,0,1,0,13162.85
27574,6,4,1,0,0,0,0,0,1,0,0,0,0,0,1,0,18063
20510,6,4,1,0,1,0,0,0,1,0,0,0,0,0,1,0,19751.04
20453,6,4,1,1,0,1,0,0,0,0,0,0,0,0,1,0,23493.08
23237,6,4,1,1,0,1,0,0,0,0,0,0,0,0,1,0,21878.12
25489,6,4,1,1,1,1,0,0,0,0,0,0,0,0,1,0,21698.01
16342,6,4,1,0,0,1,0,0,0,0,0,0,0,0,1,0,16336.91
24021,6,4,1,0,1,1,0,0,0,0,0,0,0,0,1,0,14862.09
22576,6,4,1,1,0,1,0,0,0,0,0,0,0,0,1,0,15230
6685,8,4,1,0,1,0,1,0,0,0,0,0,0,0,1,0,49248.16
11975,8,4,1,1,1,0,1,0,0,0,0,0,0,0,1,0,35129.34
21341,8,4,1,0,1,0,1,0,0,0,0,0,0,0,1,0,44130.62
11013,6,4,1,1,1,0,1,0,0,0,0,0,0,0,1,0,31431.13
2616,8,4,1,1,1,0,1,0,0,0,0,0,0,0,1,0,48365.98
25199,8,4,1,1,1,0,1,0,0,0,0,0,0,0,1,0,43374.05
21778,6,4,1,0,1,0,1,0,0,0,0,0,0,0,1,0,36210.12
31587,8,4,1,0,1,0,1,0,0,0,0,0,0,0,1,0,39072.39
10555,8,4,1,1,1,0,1,0,0,0,0,0,0,0,1,0,35651.68
17094,6,4,1,1,1,0,1,0,0,0,0,0,0,0,1,0,30646.44
13973,6,4,1,1,1,0,1,0,0,0,0,0,0,0,1,0,38795.38
13449,8,4,1,1,1,0,1,0,0,0,0,0,0,0,1,0,35165.76
23056,6,4,1,1,1,0,1,0,0,0,0,0,0,0,1,0,35895.5
13829,8,4,1,1,1,0,1,0,0,0,0,0,0,0,1,0,45061.95
21039,6,4,1,0,1,0,1,0,0,0,0,0,0,0,1,0,28817.08
15233,4,4,0,1,1,0,0,1,0,0,0,0,0,0,1,0,14072.14
20530,4,4,0,1,1,0,0,1,0,0,0,0,0,0,1,0,13436
15903,6,4,0,1,1,0,0,1,0,0,0,0,0,0,1,0,17162.48
38866,4,4,1,1,1,0,0,1,0,0,0,0,0,0,1,0,10546.78
17343,4,4,0,1,1,0,0,1,0,0,0,0,0,0,1,0,13540.04
31199,4,4,1,1,1,0,0,1,0,0,0,0,0,0,1,0,12379.13
6114,4,4,1,1,1,0,0,1,0,0,0,0,0,0,1,0,14429.79
17594,4,4,0,1,1,0,0,1,0,0,0,0,0,0,1,0,13830.25
21492,4,4,1,1,1,0,0,1,0,0,0,0,0,0,1,0,12257.16
14054,6,4,1,1,1,0,0,1,0,0,0,0,0,0,1,0,18727.51
21272,6,4,1,1,1,0,0,1,0,0,0,0,0,0,1,0,15623.92
17451,6,4,0,1,1,0,0,1,0,0,0,0,0,0,1,0,16507.07
29410,4,4,1,1,1,0,0,1,0,0,0,0,0,0,1,0,11464.63
19498,6,4,1,0,0,0,0,1,0,0,0,0,0,0,1,0,16805.06
31202,6,4,1,1,1,0,0,1,0,0,0,0,0,0,1,0,15832.52
17959,6,4,1,0,0,0,0,0,1,0,0,0,0,0,1,0,16853.11
20751,6,4,1,1,1,0,0,0,1,0,0,0,0,0,1,0,16516.96
41566,6,4,1,1,1,0,0,0,1,0,0,0,0,0,1,0,15792.83
20870,6,4,1,0,0,0,0,0,1,0,0,0,0,0,1,0,18548.98
30404,6,4,1,0,0,0,0,0,1,0,0,0,0,0,1,0,17023.94
25598,6,4,1,0,0,0,0,0,1,0,0,0,0,0,1,0,15967.25
17139,4,4,1,0,1,0,0,0,0,0,1,0,0,0,1,0,12293.06
33962,4,4,0,0,0,0,0,0,0,0,1,0,0,0,1,0,11504.82
28398,4,4,0,0,0,0,0,0,0,0,1,0,0,0,1,0,11873.53
18511,4,4,0,1,1,0,0,0,0,0,1,0,0,0,1,0,14568
18257,4,4,0,1,1,0,0,0,0,0,1,0,0,0,1,0,13998.13
14938,4,4,1,1,1,0,0,0,0,0,1,0,0,0,1,0,13258.37
32619,4,4,1,0,1,0,0,0,0,0,1,0,0,0,1,0,11413.53
12412,4,4,0,0,1,0,0,0,0,0,1,0,0,0,1,0,15194.98
27077,6,4,1,1,0,0,0,0,1,0,0,0,0,0,1,0,19689.74
8928,6,4,1,0,1,0,0,0,1,0,0,0,0,0,1,0,22460.53
27966,6,4,1,0,1,0,0,0,1,0,0,0,0,0,1,0,19338.38
4695,6,4,1,1,0,1,0,0,0,0,0,0,0,0,1,0,26831.19
17480,6,4,1,1,0,1,0,0,0,0,0,0,0,0,1,0,25508.21
25387,6,4,1,0,1,1,0,0,0,0,0,0,0,0,1,0,23406.69
12610,4,4,1,1,1,0,0,0,1,0,0,0,0,0,0,1,17214.33
24270,4,4,0,0,0,0,0,0,1,0,0,0,0,0,0,1,14853.2
21688,4,4,0,0,0,0,0,0,1,0,0,0,0,0,0,1,14398.92
26223,6,2,1,1,1,0,0,1,0,0,0,0,1,0,0,0,20221.81
25240,6,2,1,1,1,0,0,1,0,0,0,0,1,0,0,0,20382.15
21992,6,2,1,1,0,0,0,1,0,0,0,0,1,0,0,0,22113.63
14461,6,4,1,1,1,0,0,1,0,0,0,0,0,0,1,0,25097.47
28242,6,4,1,1,1,0,0,1,0,0,0,0,0,0,1,0,22120.76
22964,6,4,1,1,1,0,0,1,0,0,0,0,0,0,1,0,23345.33
4716,4,4,1,1,0,0,0,1,0,0,0,0,0,1,0,0,11167.86
266,4,4,1,0,1,0,0,1,0,0,0,0,0,1,0,0,10813.34
20836,4,4,1,1,0,0,0,1,0,0,0,0,0,1,0,0,9720.98
24842,4,4,1,0,0,0,0,1,0,0,0,0,0,0,1,0,9482.22
19273,4,4,1,1,0,0,0,1,0,0,0,0,0,0,1,0,9563.79
19565,4,4,0,1,1,0,0,1,0,0,0,0,0,0,1,0,9665.85
